{"cameraMode":{"drawMode":0,"name":"Shaded","section":"Shading Mode"},"sceneLighting":true,"audioPlay":false,"sceneViewState":{"m_AlwaysRefresh":false,"showFog":true,"showSkybox":true,"showFlares":true,"showImageEffects":true,"showParticleSystems":true,"showVisualEffectGraphs":true,"m_FxEnabled":true},"in2DMode":false,"pivot":{"x":-127.62334442138672,"y":3.4197144508361818,"z":-1.3061827421188355},"rotation":{"x":-0.037087589502334598,"y":-0.7052806615829468,"z":-0.03878622502088547,"w":0.7063781023025513},"size":4.614626407623291,"orthographic":false}