{"cameraMode":{"drawMode":0,"name":"Shaded","section":"Shading Mode"},"sceneLighting":true,"audioPlay":false,"sceneViewState":{"m_AlwaysRefresh":false,"showFog":true,"showSkybox":true,"showFlares":true,"showImageEffects":true,"showParticleSystems":true,"showVisualEffectGraphs":true,"m_FxEnabled":true},"in2DMode":false,"pivot":{"x":0.5304779410362244,"y":3.8933234214782717,"z":-5.062727928161621},"rotation":{"x":-0.00003741506952792406,"y":0.9963841438293457,"z":-0.08420506864786148,"w":-0.0008859737426973879},"size":6.30868673324585,"orthographic":false}